,Kernel Name,Performance GFlop/s,DRAM AI,FLOPs,CUDA Time,DRAM Bytes
0,TensorFlow,48706.419767528605,191.31484460387037,10370179686938.633,0.21291196800000028,54204783264.0
