,Kernel Name,Performance GFlop/s,DRAM AI,FLOPs,CUDA Time,DRAM Bytes
0,TensorFlow,60732.288781923446,265.9394982228011,17556344283585.342,0.2890775999999998,66016309728.0
