,Kernel Name,Performance GFlop/s,DRAM AI,FLOPs,CUDA Time,DRAM Bytes
0,TensorFlow,48661.342288324886,190.7216239879522,10375292670547.99,0.2132142719999997,54400190464.0
