Name,Performance GFlop/s,DRAM AI,Invocations,FLOPs,CUDA Time,DRAM Bytes
TensorFlow,48661.342288324886,190.7216239879522,654,10375292670547.99,0.2132142719999997,54400190464.0
